Timestamp,X,Y,Z,Collision_object
2024-02-13 11:39:23.593,0.72,0.6660762,0.81,0
2024-02-13 11:39:24.245,0.72,0.2582284,0.81,0
2024-02-13 11:39:24.275,0.72,-0.5692393,0.81,0
2024-02-13 11:39:24.294,0.72,-0.9888591,0.81,0
2024-02-13 11:39:24.313,0.72,-1.412403,0.81,0
2024-02-13 11:39:24.331,0.72,-1.839871,0.81,0
2024-02-13 11:39:24.350,0.72,-2.271262,0.81,0
2024-02-13 11:39:24.367,0.72,-2.271262,0.81,0
2024-02-13 11:39:24.395,0.72,-2.071262,0.81,plane
2024-02-13 11:39:24.403,0.72,-1.918253,0.81,plane
2024-02-13 11:39:24.428,0.72,-1.887651,0.81,plane
2024-02-13 11:39:24.436,0.72,-1.88153,0.81,plane
2024-02-13 11:39:24.458,0.72,-1.880306,0.81,plane
2024-02-13 11:39:24.475,0.72,-1.880061,0.81,plane
2024-02-13 11:39:24.492,0.72,-1.880012,0.81,plane
2024-02-13 11:39:24.509,0.72,-1.880012,0.81,plane
2024-02-13 11:39:24.526,0.72,-1.880003,0.81,plane
2024-02-13 11:39:24.543,0.72,-1.880001,0.81,plane
2024-02-13 11:39:24.561,0.72,-1.88,0.81,plane
2024-02-13 11:39:24.567,0.72,-1.88,0.81,plane
2024-02-13 11:39:24.590,0.72,-1.88,0.81,plane
2024-02-13 11:39:24.607,0.72,-1.88,0.81,plane
2024-02-13 11:39:24.625,0.72,-1.88,0.81,plane
2024-02-13 11:39:24.643,0.72,-1.88,0.81,plane
2024-02-13 11:39:24.660,0.72,-1.88,0.81,plane
2024-02-13 11:39:24.677,0.72,-1.88,0.81,plane
2024-02-13 11:39:24.684,0.72,-1.88,0.81,plane
2024-02-13 11:39:24.707,0.72,-1.88,0.81,plane
2024-02-13 11:39:24.726,0.72,-1.88,0.81,plane
2024-02-13 11:39:24.744,0.72,-1.88,0.81,plane
2024-02-13 11:39:24.752,0.72,-1.88,0.81,plane
2024-02-13 11:39:24.775,0.72,-1.88,0.81,plane
2024-02-13 11:39:24.792,0.72,-1.88,0.81,plane
2024-02-13 11:39:24.799,0.72,-1.88,0.81,plane
2024-02-13 11:39:24.822,0.72,-1.88,0.81,plane
2024-02-13 11:39:24.840,0.72,-1.88,0.81,plane
2024-02-13 11:39:24.858,0.72,-1.88,0.81,plane
2024-02-13 11:39:24.875,0.72,-1.88,0.81,plane
2024-02-13 11:39:24.899,0.72,-1.88,0.81,plane
2024-02-13 11:39:24.909,0.72,-1.88,0.81,plane
2024-02-13 11:39:24.928,0.72,-1.88,0.81,plane
2024-02-13 11:39:24.955,0.72,-1.88,0.81,plane
2024-02-13 11:39:24.967,0.72,-1.88,0.81,plane
2024-02-13 11:39:24.978,0.72,-1.88,0.81,plane
2024-02-13 11:39:25.011,0.72,-1.88,0.81,plane
2024-02-13 11:39:25.022,0.72,-1.88,0.81,plane
2024-02-13 11:39:25.034,0.72,-1.88,0.81,plane
2024-02-13 11:39:25.061,0.72,-1.88,0.81,plane
2024-02-13 11:39:25.072,0.72,-1.88,0.81,plane
2024-02-13 11:39:25.090,0.72,-1.88,0.81,plane
2024-02-13 11:39:25.104,0.72,-1.88,0.81,plane
2024-02-13 11:39:25.118,0.72,-1.88,0.81,plane
2024-02-13 11:39:25.143,0.72,-1.88,0.81,plane
2024-02-13 11:39:25.155,0.72,-1.88,0.81,plane
2024-02-13 11:39:25.201,1.510582,-1.88,0.81,plane
2024-02-13 11:39:25.213,1.905873,-1.88,0.81,plane
2024-02-13 11:39:25.227,1.905873,-1.88,0.81,plane
2024-02-13 11:39:25.256,2.696454,-1.88,0.81,plane
2024-02-13 11:39:25.264,2.696454,-1.88,0.81,plane
2024-02-13 11:39:25.275,3.091745,-1.88,0.81,plane
2024-02-13 11:39:25.296,3.487036,-1.88,0.81,plane
2024-02-13 11:39:25.311,3.882327,-1.88,0.81,plane
2024-02-13 11:39:25.334,4.277618,-1.88,0.81,plane
2024-02-13 11:39:25.352,4.672909,-1.88,0.81,plane
2024-02-13 11:39:25.360,4.672909,-1.88,0.81,plane
2024-02-13 11:39:25.384,5.0682,-1.88,0.81,plane
2024-02-13 11:39:25.403,5.46349,-1.88,0.81,plane
2024-02-13 11:39:25.412,5.858781,-1.88,0.81,plane
2024-02-13 11:39:25.438,5.658782,-1.88,0.81,Wall1
2024-02-13 11:39:25.446,5.658782,-1.88,0.81,Wall1
2024-02-13 11:39:25.457,5.595756,-1.88,0.81,Wall1
2024-02-13 11:39:25.477,5.583151,-1.88,0.81,Wall1
2024-02-13 11:39:25.500,5.58063,-1.88,0.81,Wall1
2024-02-13 11:39:25.519,5.580126,-1.88,0.81,Wall1
2024-02-13 11:39:25.528,5.580126,-1.88,0.81,Wall1
2024-02-13 11:39:25.552,5.580005,-1.88,0.81,Wall1
2024-02-13 11:39:25.562,5.580005,-1.88,0.81,Wall1
2024-02-13 11:39:25.589,5.58,-1.88,0.81,Wall1
2024-02-13 11:39:25.601,5.58,-1.88,0.81,Wall1
2024-02-13 11:39:25.615,5.58,-1.88,0.81,Wall1
2024-02-13 11:39:25.627,5.58,-1.88,0.81,Wall1
2024-02-13 11:39:25.652,5.58,-1.88,0.81,Wall1
2024-02-13 11:39:25.671,5.58,-1.88,0.81,Wall1
2024-02-13 11:39:25.677,5.58,-1.88,0.81,Wall1
2024-02-13 11:39:25.693,5.58,-1.88,0.81,Wall1
2024-02-13 11:39:25.716,5.58,-1.88,0.81,Wall1
2024-02-13 11:39:25.736,5.58,-1.88,0.81,Wall1
2024-02-13 11:39:25.745,5.58,-1.88,0.81,Wall1
2024-02-13 11:39:25.762,5.58,-1.88,0.81,Wall1
2024-02-13 11:39:25.784,5.184709,-1.88,0.81,Wall1
2024-02-13 11:39:25.801,4.789418,-1.88,0.81,0
2024-02-13 11:39:25.818,4.394127,-1.88,0.81,0
2024-02-13 11:39:25.834,3.998837,-1.88,0.81,0
2024-02-13 11:39:25.853,3.603546,-1.88,0.81,0
2024-02-13 11:39:25.869,3.603546,-1.88,0.81,0
2024-02-13 11:39:25.888,3.208255,-1.88,0.81,0
2024-02-13 11:39:25.898,2.812964,-1.88,0.81,0
2024-02-13 11:39:25.911,2.417673,-1.88,0.81,0
2024-02-13 11:39:25.933,2.022382,-1.88,0.81,0
2024-02-13 11:39:25.953,1.627091,-1.88,0.81,0
2024-02-13 11:39:25.972,1.231801,-1.88,0.81,0
2024-02-13 11:39:25.979,1.231801,-1.88,0.81,0
2024-02-13 11:39:25.993,0.8365096,-1.88,0.81,0
2024-02-13 11:39:26.019,0.4412187,-1.88,0.81,0
2024-02-13 11:39:26.030,0.4412187,-1.88,0.81,0
2024-02-13 11:39:26.044,0.04592782,-1.88,0.81,0
2024-02-13 11:39:26.060,-0.3493631,-1.88,0.81,0
2024-02-13 11:39:26.083,-0.744654,-1.88,0.81,0
2024-02-13 11:39:26.103,-1.139945,-1.88,0.81,0
2024-02-13 11:39:26.112,-1.535236,-1.88,0.81,0
2024-02-13 11:39:26.134,-1.930527,-1.88,0.81,0
2024-02-13 11:39:26.153,-2.325818,-1.88,0.81,0
2024-02-13 11:39:26.161,-2.325818,-1.88,0.81,0
2024-02-13 11:39:26.177,-2.721108,-1.88,0.81,0
2024-02-13 11:39:26.202,-3.116399,-1.88,0.81,0
2024-02-13 11:39:26.216,-3.51169,-1.88,0.81,0
2024-02-13 11:39:26.228,-3.51169,-1.88,0.81,0
2024-02-13 11:39:26.247,-3.906981,-1.88,0.81,0
2024-02-13 11:39:26.269,-4.697563,-1.88,0.81,0
2024-02-13 11:39:26.276,-4.697563,-1.88,0.81,0
2024-02-13 11:39:26.302,-5.092854,-1.88,0.81,0
2024-02-13 11:39:26.312,-5.488144,-1.88,0.81,0
2024-02-13 11:39:26.334,-5.883435,-1.88,0.81,0
2024-02-13 11:39:26.353,-5.683435,-1.88,0.81,Wall2
2024-02-13 11:39:26.368,-5.683435,-1.88,0.81,Wall2
2024-02-13 11:39:26.389,-5.600687,-1.88,0.81,Wall2
2024-02-13 11:39:26.397,-5.584137,-1.88,0.81,Wall2
2024-02-13 11:39:26.412,-5.580827,-1.88,0.81,Wall2
2024-02-13 11:39:26.435,-5.580165,-1.88,0.81,Wall2
2024-02-13 11:39:26.443,-5.580165,-1.88,0.81,Wall2
2024-02-13 11:39:26.466,-5.580033,-1.88,0.81,Wall2
2024-02-13 11:39:26.483,-5.580007,-1.88,0.81,Wall2
2024-02-13 11:39:26.502,-5.580001,-1.88,0.81,Wall2
2024-02-13 11:39:26.513,-5.58,-1.88,0.81,Wall2
2024-02-13 11:39:26.526,-5.58,-1.88,0.81,Wall2
2024-02-13 11:39:26.550,-5.58,-1.88,0.81,Wall2
2024-02-13 11:39:26.558,-5.58,-1.88,0.81,Wall2
2024-02-13 11:39:26.584,-5.58,-1.88,0.81,Wall2
2024-02-13 11:39:26.602,-5.58,-1.88,0.81,Wall2
2024-02-13 11:39:26.622,-5.58,-1.88,0.8100048,Wall2
2024-02-13 11:39:26.631,-5.58,-1.88,0.8100116,Wall2
2024-02-13 11:39:26.642,-5.58,-1.88,0.8100116,Wall2
2024-02-13 11:39:26.664,-5.58,-1.880008,0.8107318,Wall2
2024-02-13 11:39:26.681,-5.58,-1.880972,0.8988889,Wall2
2024-02-13 11:39:26.699,-5.58,-1.8835,1.108442,Wall2
2024-02-13 11:39:26.717,-5.58,-1.887721,1.388739,Wall2
2024-02-13 11:39:26.736,-5.58,-1.881544,1.771621,Wall2
2024-02-13 11:39:26.743,-5.58,-1.881544,1.771621,Wall2
2024-02-13 11:39:26.767,-5.58,-1.880309,2.165429,Wall2
2024-02-13 11:39:26.785,-5.58,-1.880062,2.560424,Wall2
2024-02-13 11:39:26.802,-5.58,-1.880013,2.955656,Wall2
2024-02-13 11:39:26.811,-5.58,-1.880003,3.350935,Wall2
2024-02-13 11:39:26.832,-5.58,-1.880001,3.746223,Wall2
2024-02-13 11:39:26.850,-5.58,-1.88,4.141513,Wall2
2024-02-13 11:39:26.866,-5.58,-1.88,4.141513,Wall2
2024-02-13 11:39:26.885,-5.58,-1.88,4.536804,Wall2
2024-02-13 11:39:26.903,-5.58,-1.88,4.932095,Wall2
2024-02-13 11:39:26.920,-5.58,-1.88,5.327386,Wall2
2024-02-13 11:39:26.928,-5.58,-1.88,5.327386,Wall2
2024-02-13 11:39:26.949,-5.58,-1.88,5.722677,Wall2
2024-02-13 11:39:26.967,-5.58,-1.88,6.117968,Wall2
2024-02-13 11:39:26.985,-5.58,-1.88,6.513258,Wall2
2024-02-13 11:39:27.007,-5.58,-1.88,6.313259,Wall3
2024-02-13 11:39:27.015,-5.58,-1.88,6.182651,Wall3
2024-02-13 11:39:27.027,-5.58,-1.88,6.182651,Wall3
2024-02-13 11:39:27.049,-5.58,-1.88,6.15653,Wall3
2024-02-13 11:39:27.069,-5.58,-1.88,6.151306,Wall3
2024-02-13 11:39:27.086,-5.58,-1.88,6.15026,Wall3
2024-02-13 11:39:27.103,-5.58,-1.88,6.150052,Wall3
2024-02-13 11:39:27.111,-5.58,-1.88,6.15001,Wall3
2024-02-13 11:39:27.132,-5.58,-1.88,6.150002,Wall3
2024-02-13 11:39:27.150,-5.58,-1.88,6.15,Wall3
2024-02-13 11:39:27.167,-5.58,-1.88,6.15,Wall3
2024-02-13 11:39:27.186,-5.58,-1.88,6.15,Wall3
2024-02-13 11:39:27.197,-5.58,-1.88,6.15,Wall3
2024-02-13 11:39:27.208,-5.58,-1.88,6.15,Wall3
2024-02-13 11:39:27.231,-5.58,-1.88,5.359418,0
2024-02-13 11:39:27.248,-5.58,-1.88,5.359418,0
2024-02-13 11:39:27.266,-5.58,-1.88,4.964127,0
2024-02-13 11:39:27.283,-5.58,-1.88,4.568836,0
2024-02-13 11:39:27.302,-5.58,-1.88,4.173545,0
2024-02-13 11:39:27.319,-5.58,-1.88,3.778255,0
2024-02-13 11:39:27.326,-5.58,-1.88,3.778255,0
2024-02-13 11:39:27.349,-5.58,-1.88,3.382964,0
2024-02-13 11:39:27.366,-5.58,-1.88,2.987673,0
2024-02-13 11:39:27.384,-5.58,-1.88,2.592382,0
2024-02-13 11:39:27.402,-5.58,-1.88,2.197091,0
2024-02-13 11:39:27.420,-5.58,-1.88,1.8018,0
2024-02-13 11:39:27.426,-5.58,-1.88,1.8018,0
2024-02-13 11:39:27.449,-5.58,-1.88,1.406509,0
2024-02-13 11:39:27.467,-5.58,-1.88,1.011219,0
2024-02-13 11:39:27.478,-5.58,-1.88,0.6159276,0
2024-02-13 11:39:27.499,-5.58,-1.88,0.2206367,0
2024-02-13 11:39:27.517,-5.58,-1.88,-0.1746542,0
2024-02-13 11:39:27.535,-5.58,-1.88,-0.5699451,0
2024-02-13 11:39:27.552,-5.58,-1.88,-0.965236,0
2024-02-13 11:39:27.558,-5.58,-1.88,-0.965236,0
2024-02-13 11:39:27.582,-5.58,-1.88,-1.360527,0
2024-02-13 11:39:27.600,-5.58,-1.88,-1.755818,0
2024-02-13 11:39:27.617,-5.58,-1.88,-2.151109,0
2024-02-13 11:39:27.635,-5.58,-1.88,-2.5464,0
2024-02-13 11:39:27.653,-5.58,-1.88,-2.94169,0
2024-02-13 11:39:27.662,-5.58,-1.88,-2.94169,0
2024-02-13 11:39:27.676,-5.58,-1.88,-3.336981,0
2024-02-13 11:39:27.698,-5.58,-1.88,-3.732272,0
2024-02-13 11:39:27.716,-5.58,-1.88,-4.127563,0
2024-02-13 11:39:27.734,-5.58,-1.88,-4.522854,0
2024-02-13 11:39:27.751,-5.58,-1.88,-4.918145,0
2024-02-13 11:39:27.768,-5.58,-1.88,-4.918145,0
2024-02-13 11:39:27.787,-5.58,-1.88,-5.313436,0
2024-02-13 11:39:27.794,-5.58,-1.88,-5.708726,0
2024-02-13 11:39:27.817,-5.58,-1.88,-6.104017,0
2024-02-13 11:39:27.840,-5.522548,-1.88,-6.495111,0
2024-02-13 11:39:27.846,-5.522548,-1.88,-6.495111,0
2024-02-13 11:39:27.861,-5.52254,-1.88,-6.295111,0
2024-02-13 11:39:27.884,-5.522519,-1.88,-6.171022,0
2024-02-13 11:39:27.902,-5.521396,-1.880011,-6.146205,0
2024-02-13 11:39:27.925,-5.436216,-1.880949,-6.141242,0
2024-02-13 11:39:27.933,-5.31013,-1.882568,-6.140249,0
2024-02-13 11:39:27.944,-5.31013,-1.882568,-6.140249,0
2024-02-13 11:39:27.966,-5.030258,-1.886238,-6.14005,0
2024-02-13 11:39:27.983,-4.711744,-1.890891,-6.14001,0
2024-02-13 11:39:28.001,-4.333384,-1.882187,-6.140002,0
2024-02-13 11:39:28.018,-3.940207,-1.880439,-6.140001,0
2024-02-13 11:39:28.036,-3.545341,-1.880089,-6.14,0
2024-02-13 11:39:28.042,-3.545341,-1.880089,-6.14,0
2024-02-13 11:39:28.066,-3.150137,-1.880018,-6.14,0
2024-02-13 11:39:28.083,-2.754864,-1.880004,-6.14,0
2024-02-13 11:39:28.101,-2.359579,-1.880001,-6.14,0
2024-02-13 11:39:28.120,-1.964292,-1.880001,-6.14,0
2024-02-13 11:39:28.127,-1.964292,-1.880001,-6.14,0
2024-02-13 11:39:28.149,-1.569001,-1.88,-6.14,0
2024-02-13 11:39:28.167,-1.17371,-1.88,-6.14,0
2024-02-13 11:39:28.184,-0.7784194,-1.88,-6.14,0
2024-02-13 11:39:28.201,-0.3831285,-1.88,-6.14,0
2024-02-13 11:39:28.219,0.01216197,-1.88,-6.14,0
2024-02-13 11:39:28.227,0.01216197,-1.88,-6.14,0
2024-02-13 11:39:28.251,0.8027414,-1.88,-6.14,0
2024-02-13 11:39:28.267,0.8027414,-1.88,-6.14,0
2024-02-13 11:39:28.278,1.19803,-1.88,-6.14,0
2024-02-13 11:39:28.300,1.593319,-1.88,-6.14,0
2024-02-13 11:39:28.318,1.988608,-1.88,-6.14,0
2024-02-13 11:39:28.336,2.383896,-1.88,-6.139999,0
2024-02-13 11:39:28.354,2.779186,-1.88,-6.139999,0
2024-02-13 11:39:28.361,2.779186,-1.88,-6.139999,0
2024-02-13 11:39:28.383,3.174477,-1.88,-6.139999,0
2024-02-13 11:39:28.400,3.569768,-1.88,-6.139999,0
2024-02-13 11:39:28.418,3.965058,-1.88,-6.139999,0
2024-02-13 11:39:28.436,4.360348,-1.88,-6.139999,0
2024-02-13 11:39:28.453,4.755638,-1.88,-6.139999,0
2024-02-13 11:39:28.464,4.755638,-1.88,-6.139999,0
2024-02-13 11:39:28.477,5.135503,-1.88,-6.030653,0
2024-02-13 11:39:28.492,5.482652,-1.88,-5.841595,0
2024-02-13 11:39:28.514,5.720726,-1.88,-5.526039,0
2024-02-13 11:39:28.532,5.608145,-1.880621,-5.464121,Wall1
2024-02-13 11:39:28.549,5.585629,-1.884576,-5.186846,Wall1
2024-02-13 11:39:28.565,5.585629,-1.884576,-5.186846,Wall1
2024-02-13 11:39:28.585,5.581126,-1.885996,-4.840961,Wall1
2024-02-13 11:39:28.603,5.580225,-1.882227,-4.459156,Wall1
2024-02-13 11:39:28.620,5.580045,-1.880651,-4.067547,Wall1
2024-02-13 11:39:28.628,5.580045,-1.880651,-4.067547,Wall1
2024-02-13 11:39:28.650,5.580009,-1.880171,-3.673189,Wall1
2024-02-13 11:39:28.668,5.580002,-1.880043,-3.278124,Wall1
2024-02-13 11:39:28.685,5.58,-1.88001,-2.882887,Wall1
2024-02-13 11:39:28.703,5.58,-1.880003,-2.48761,Wall1
2024-02-13 11:39:28.712,5.58,-1.880001,-2.092321,Wall1
2024-02-13 11:39:28.731,5.58,-1.88,-1.697031,Wall1
2024-02-13 11:39:28.748,5.58,-1.88,-1.697031,Wall1
2024-02-13 11:39:28.768,5.58,-1.88,-1.30174,Wall1
2024-02-13 11:39:28.785,5.58,-1.88,-0.906449,Wall1
2024-02-13 11:39:28.802,5.58,-1.88,-0.5111581,Wall1
2024-02-13 11:39:28.811,5.58,-1.88,-0.1158672,Wall1
2024-02-13 11:39:28.834,5.58,-1.88,0.2794237,Wall1
2024-02-13 11:39:28.851,5.58,-1.88,0.6747146,Wall1
2024-02-13 11:39:28.868,5.58,-1.88,0.6747146,Wall1
2024-02-13 11:39:28.887,5.58,-1.88,1.070006,Wall1
2024-02-13 11:39:28.896,5.58,-1.88,1.465297,Wall1
2024-02-13 11:39:28.917,5.58,-1.88,1.860587,Wall1
2024-02-13 11:39:28.934,5.58,-1.88,2.255878,Wall1
2024-02-13 11:39:28.953,5.58,-1.88,2.651169,Wall1
2024-02-13 11:39:28.960,5.58,-1.88,2.651169,Wall1
2024-02-13 11:39:28.984,5.58,-1.88,3.04646,Wall1
2024-02-13 11:39:29.003,5.58,-1.88,3.441751,Wall1
2024-02-13 11:39:29.011,5.58,-1.88,3.837042,Wall1
2024-02-13 11:39:29.034,5.58,-1.88,4.232333,Wall1
2024-02-13 11:39:29.051,5.58,-1.88,4.627624,Wall1
2024-02-13 11:39:29.070,5.58,-1.88,5.022914,Wall1
2024-02-13 11:39:29.078,5.58,-1.88,5.022914,Wall1
2024-02-13 11:39:29.094,5.58,-1.88,5.418205,Wall1
2024-02-13 11:39:29.114,5.58,-1.88,5.813496,Wall1
2024-02-13 11:39:29.132,5.58,-1.88,6.208787,Wall1
2024-02-13 11:39:29.152,5.58,-1.88,6.161758,Wall3
2024-02-13 11:39:29.159,5.58,-1.88,6.161758,Wall3
2024-02-13 11:39:29.184,5.58,-1.88,6.152352,Wall3
2024-02-13 11:39:29.201,5.58,-1.88,6.150471,Wall3
2024-02-13 11:39:29.213,5.58,-1.88,6.150095,Wall3
2024-02-13 11:39:29.234,5.58,-1.88,6.15002,Wall3
2024-02-13 11:39:29.255,5.58,-1.88,6.150004,Wall3
2024-02-13 11:39:29.261,5.58,-1.88,6.150004,Wall3
2024-02-13 11:39:29.285,5.58,-1.88,6.150002,Wall3
2024-02-13 11:39:29.303,5.58,-1.88,6.150001,Wall3
2024-02-13 11:39:29.320,5.58,-1.88,6.150001,Wall3
2024-02-13 11:39:29.328,5.58,-1.88,6.150001,Wall3
2024-02-13 11:39:29.350,5.58,-1.88,6.150001,Wall3
2024-02-13 11:39:29.367,5.58,-1.88,6.150001,Wall3
2024-02-13 11:39:29.385,5.58,-1.88,6.150001,Wall3
2024-02-13 11:39:29.402,5.58,-1.88,6.150001,Wall3
2024-02-13 11:39:29.420,5.58,-1.88,6.150001,Wall3
2024-02-13 11:39:29.427,5.58,-1.88,6.150001,Wall3
2024-02-13 11:39:29.450,5.58,-1.88,6.150001,Wall3
2024-02-13 11:39:29.467,5.58,-1.88,6.150001,Wall3
2024-02-13 11:39:29.485,5.58,-1.88,6.150001,Wall3
2024-02-13 11:39:29.497,5.58,-1.88,6.150001,Wall3
2024-02-13 11:39:29.507,5.58,-1.88,6.150001,Wall3
2024-02-13 11:39:29.530,5.58,-1.88,5.75471,Wall3
2024-02-13 11:39:29.548,5.58,-1.88,5.359419,0
2024-02-13 11:39:29.566,5.58,-1.88,4.964128,0
2024-02-13 11:39:29.583,5.58,-1.88,4.568837,0
2024-02-13 11:39:29.601,5.58,-1.88,4.173546,0
2024-02-13 11:39:29.618,5.58,-1.88,3.778255,0
2024-02-13 11:39:29.636,5.58,-1.88,3.382965,0
2024-02-13 11:39:29.644,5.58,-1.88,3.382965,0
2024-02-13 11:39:29.665,5.58,-1.88,2.987674,0
2024-02-13 11:39:29.683,5.58,-1.88,2.592383,0
2024-02-13 11:39:29.701,5.58,-1.88,2.197092,0
2024-02-13 11:39:29.719,5.58,-1.88,1.801801,0
2024-02-13 11:39:29.736,5.58,-1.88,1.40651,0
2024-02-13 11:39:29.754,5.58,-1.88,1.01122,0
2024-02-13 11:39:29.761,5.58,-1.88,1.01122,0
2024-02-13 11:39:29.783,5.58,-1.88,0.6159286,0
2024-02-13 11:39:29.800,5.58,-1.88,0.2206377,0
2024-02-13 11:39:29.822,5.58,-1.88,-0.1746532,0
2024-02-13 11:39:29.832,5.58,-1.88,-0.5699441,0
2024-02-13 11:39:29.842,5.58,-1.88,-0.5699441,0
2024-02-13 11:39:29.864,5.58,-1.88,-0.9652351,0
2024-02-13 11:39:29.882,5.58,-1.88,-1.360526,0
2024-02-13 11:39:29.900,5.58,-1.88,-1.755817,0
2024-02-13 11:39:29.918,5.58,-1.88,-2.151108,0
2024-02-13 11:39:29.936,5.58,-1.88,-2.546399,0
2024-02-13 11:39:29.954,5.58,-1.88,-2.941689,0
2024-02-13 11:39:29.959,5.58,-1.88,-2.941689,0
2024-02-13 11:39:29.984,5.58,-1.88,-3.33698,0
2024-02-13 11:39:30.001,5.58,-1.88,-3.732271,0
2024-02-13 11:39:30.019,5.58,-1.88,-4.127562,0
2024-02-13 11:39:30.027,5.58,-1.88,-4.127562,0
2024-02-13 11:39:30.052,5.228777,-1.88,-4.835843,0
2024-02-13 11:39:30.060,5.228777,-1.88,-4.835843,0
2024-02-13 11:39:30.082,4.862699,-1.88,-4.98498,0
2024-02-13 11:39:30.100,4.467933,-1.88,-5.005349,0
2024-02-13 11:39:30.118,4.072642,-1.88,-5.005349,0
2024-02-13 11:39:30.136,3.677351,-1.88,-5.005349,0
2024-02-13 11:39:30.143,3.677351,-1.88,-5.005349,0
2024-02-13 11:39:30.166,3.282061,-1.88,-5.005349,0
2024-02-13 11:39:30.183,2.88677,-1.88,-5.005349,0
2024-02-13 11:39:30.201,2.491479,-1.88,-5.005349,0
2024-02-13 11:39:30.219,2.096188,-1.88,-5.005349,0
2024-02-13 11:39:30.236,1.700897,-1.88,-5.005349,0
2024-02-13 11:39:30.242,1.700897,-1.88,-5.005349,0
2024-02-13 11:39:30.268,1.305606,-1.88,-5.005349,0
2024-02-13 11:39:30.286,0.9103155,-1.88,-5.005349,0
2024-02-13 11:39:30.294,0.5150245,-1.88,-5.005349,0
2024-02-13 11:39:30.316,0.1197336,-1.88,-5.005349,0
2024-02-13 11:39:30.334,-0.2755573,-1.88,-5.005349,0
2024-02-13 11:39:30.351,-0.6708482,-1.88,-5.005349,0
2024-02-13 11:39:30.367,-0.6708482,-1.88,-5.005349,0
2024-02-13 11:39:30.386,-1.066139,-1.88,-5.005349,0
2024-02-13 11:39:30.403,-1.46143,-1.88,-5.005349,0
2024-02-13 11:39:30.412,-1.856721,-1.88,-5.005349,0
2024-02-13 11:39:30.432,-2.252012,-1.88,-5.005349,0
2024-02-13 11:39:30.448,-2.252012,-1.88,-5.005349,0
2024-02-13 11:39:30.467,-2.252012,-1.88,-5.005349,0
2024-02-13 11:39:30.488,-2.252012,-1.88,-5.005349,0
2024-02-13 11:39:30.497,-2.252012,-1.88,-5.005349,0
2024-02-13 11:39:30.507,-2.252012,-1.88,-5.005349,0
2024-02-13 11:39:30.531,-2.252012,-1.88,-5.005349,0
2024-02-13 11:39:30.547,-2.252012,-1.88,-5.005349,0
2024-02-13 11:39:30.566,-2.252012,-1.88,-5.005349,0
2024-02-13 11:39:30.586,-2.252012,-1.88,-4.610058,0
2024-02-13 11:39:30.595,-2.252012,-1.88,-4.214767,0
2024-02-13 11:39:30.616,-2.252012,-1.88,-3.819476,0
2024-02-13 11:39:30.634,-2.252012,-1.88,-3.424185,0
2024-02-13 11:39:30.653,-2.252012,-1.88,-3.028894,0
2024-02-13 11:39:30.659,-2.252012,-1.88,-3.028894,0
2024-02-13 11:39:30.682,-2.252012,-1.88,-2.633604,0
2024-02-13 11:39:30.701,-2.252012,-1.88,-2.238313,0
2024-02-13 11:39:30.719,-2.252012,-1.88,-1.843022,0
2024-02-13 11:39:30.736,-2.252012,-1.88,-1.447731,0
2024-02-13 11:39:30.742,-2.252012,-1.88,-1.447731,0
2024-02-13 11:39:30.765,-2.252012,-1.88,-1.05244,0
2024-02-13 11:39:30.784,-2.252012,-1.88,-0.6571493,0
2024-02-13 11:39:30.801,-2.252012,-1.88,-0.2618583,0
2024-02-13 11:39:30.818,-2.252012,-1.88,0.1334326,0
2024-02-13 11:39:30.837,-2.252012,-1.88,0.5287235,0
2024-02-13 11:39:30.843,-2.252012,-1.88,0.5287235,0
2024-02-13 11:39:30.867,-2.252012,-1.88,0.9240144,0
2024-02-13 11:39:30.886,-2.252012,-1.88,1.319305,0
2024-02-13 11:39:30.894,-2.252012,-1.88,1.714596,0
2024-02-13 11:39:30.916,-2.252012,-1.88,2.109887,0
2024-02-13 11:39:30.936,-2.252012,-1.88,2.505178,0
2024-02-13 11:39:30.943,-2.252012,-1.88,2.505178,0
2024-02-13 11:39:30.967,-2.252012,-1.88,2.900469,0
2024-02-13 11:39:30.986,-2.252012,-1.88,3.29576,0
2024-02-13 11:39:31.003,-2.252012,-1.88,3.691051,0
2024-02-13 11:39:31.018,-2.252012,-1.88,4.086341,0
2024-02-13 11:39:31.028,-2.252012,-1.88,4.086341,0
2024-02-13 11:39:31.051,-2.252012,-1.88,4.876923,0
2024-02-13 11:39:31.072,-2.252012,-1.88,5.272214,0
2024-02-13 11:39:31.078,-2.252012,-1.88,5.272214,0
2024-02-13 11:39:31.103,-2.252012,-1.88,5.667505,0
2024-02-13 11:39:31.112,-2.252012,-1.88,6.062796,0
2024-02-13 11:39:31.134,-2.252012,-1.88,6.458086,0
2024-02-13 11:39:31.152,-2.252012,-1.88,6.258087,Wall3
2024-02-13 11:39:31.161,-2.252012,-1.88,6.258087,Wall3
2024-02-13 11:39:31.183,-2.252012,-1.88,6.171617,Wall3
2024-02-13 11:39:31.204,-2.252012,-1.88,6.154323,Wall3
2024-02-13 11:39:31.212,-2.252012,-1.88,6.150865,Wall3
2024-02-13 11:39:31.233,-2.252012,-1.88,6.150173,Wall3
2024-02-13 11:39:31.251,-2.252012,-1.88,6.150034,Wall3
2024-02-13 11:39:31.267,-2.252012,-1.88,6.150034,Wall3
2024-02-13 11:39:31.287,-2.252012,-1.88,6.150007,Wall3
2024-02-13 11:39:31.295,-2.252012,-1.88,6.150001,Wall3
2024-02-13 11:39:31.316,-2.252012,-1.88,6.15,Wall3
2024-02-13 11:39:31.334,-2.252012,-1.88,6.15,Wall3
2024-02-13 11:39:31.352,-2.252012,-1.88,6.15,Wall3
2024-02-13 11:39:31.368,-2.252012,-1.88,6.15,Wall3
2024-02-13 11:39:31.377,-2.252012,-1.88,6.15,Wall3
2024-02-13 11:39:31.399,-2.252012,-1.88,6.15,Wall3
2024-02-13 11:39:31.417,-2.252012,-1.88,6.15,Wall3
2024-02-13 11:39:31.435,-2.252012,-1.88,6.15,Wall3
2024-02-13 11:39:31.452,-2.252012,-1.88,6.15,Wall3
2024-02-13 11:39:31.459,-2.252012,-1.88,6.15,Wall3
2024-02-13 11:39:31.482,-2.252012,-1.88,6.15,Wall3
2024-02-13 11:39:31.501,-2.252012,-1.88,6.15,Wall3
2024-02-13 11:39:31.519,-2.252012,-1.88,6.15,Wall3
2024-02-13 11:39:31.539,-1.856721,-1.88,6.15,Wall3
2024-02-13 11:39:31.546,-1.856721,-1.88,6.15,Wall3
2024-02-13 11:39:31.560,-1.46143,-1.88,6.15,Wall3
2024-02-13 11:39:31.582,-1.066139,-1.88,6.15,Wall3
2024-02-13 11:39:31.599,-0.6708483,-1.88,6.15,Wall3
2024-02-13 11:39:31.617,-0.2755574,-1.88,6.15,Wall3
2024-02-13 11:39:31.635,0.1197335,-1.88,6.15,Wall3
2024-02-13 11:39:31.653,0.5150244,-1.88,6.15,Wall3
2024-02-13 11:39:31.659,0.5150244,-1.88,6.15,Wall3
2024-02-13 11:39:31.683,0.9103153,-1.88,6.15,Wall3
2024-02-13 11:39:31.695,1.305606,-1.88,6.15,Wall3
2024-02-13 11:39:31.716,1.700897,-1.88,6.15,Wall3
2024-02-13 11:39:31.734,2.096188,-1.88,6.15,Wall3
2024-02-13 11:39:31.752,2.491479,-1.88,6.15,Wall3
2024-02-13 11:39:31.768,2.491479,-1.88,6.15,Wall3
2024-02-13 11:39:31.778,2.88677,-1.88,6.15,Wall3
2024-02-13 11:39:31.800,3.282061,-1.88,6.15,Wall3
2024-02-13 11:39:31.817,3.677351,-1.88,6.15,Wall3
2024-02-13 11:39:31.837,4.072642,-1.88,6.15,Wall3
2024-02-13 11:39:31.845,4.072642,-1.88,6.15,Wall3
2024-02-13 11:39:31.868,4.467933,-1.88,6.15,Wall3
2024-02-13 11:39:31.886,4.863224,-1.88,6.15,Wall3
2024-02-13 11:39:31.895,5.258515,-1.88,6.15,Wall3
2024-02-13 11:39:31.916,5.653806,-1.88,6.15,Wall3
2024-02-13 11:39:31.933,5.594761,-1.88,6.15,Wall1
2024-02-13 11:39:31.952,5.582952,-1.88,6.15,Wall1
2024-02-13 11:39:31.968,5.582952,-1.88,6.15,Wall1
2024-02-13 11:39:31.987,5.58059,-1.88,6.15,Wall1
2024-02-13 11:39:31.996,5.580118,-1.88,6.15,Wall1
2024-02-13 11:39:32.007,5.580118,-1.88,6.15,Wall1
2024-02-13 11:39:32.031,5.580005,-1.88,6.15,Wall1
2024-02-13 11:39:32.048,5.580005,-1.88,6.15,Wall1
2024-02-13 11:39:32.072,5.58,-1.88,6.15,Wall1
2024-02-13 11:39:32.079,5.58,-1.88,6.15,Wall1
2024-02-13 11:39:32.102,5.58,-1.88,6.15,Wall1
2024-02-13 11:39:32.114,5.58,-1.88,6.15,Wall1
2024-02-13 11:39:32.126,5.58,-1.88,6.15,Wall1
2024-02-13 11:39:32.148,5.184709,-1.88,6.15,Wall1
2024-02-13 11:39:32.166,4.789418,-1.88,6.15,0
2024-02-13 11:39:32.184,4.394127,-1.88,6.15,0
2024-02-13 11:39:32.202,3.998837,-1.88,6.15,0
2024-02-13 11:39:32.220,3.603546,-1.88,6.15,0
2024-02-13 11:39:32.226,3.603546,-1.88,6.15,0
2024-02-13 11:39:32.250,3.208255,-1.88,6.15,0
2024-02-13 11:39:32.268,2.812964,-1.88,6.15,0
2024-02-13 11:39:32.286,2.417673,-1.88,6.15,0
2024-02-13 11:39:32.294,2.022382,-1.88,6.15,0
2024-02-13 11:39:32.316,1.627091,-1.88,6.15,0
2024-02-13 11:39:32.334,1.231801,-1.88,6.15,0
2024-02-13 11:39:32.351,0.8365096,-1.88,6.15,0
2024-02-13 11:39:32.368,0.8365096,-1.88,6.15,0
2024-02-13 11:39:32.387,0.4412187,-1.88,6.15,0
2024-02-13 11:39:32.395,0.04592782,-1.88,6.15,0
2024-02-13 11:39:32.415,-0.3493631,-1.88,6.15,0
2024-02-13 11:39:32.433,-0.744654,-1.88,6.15,0
2024-02-13 11:39:32.450,-1.139945,-1.88,6.15,0
2024-02-13 11:39:32.467,-1.139945,-1.88,6.15,0
2024-02-13 11:39:32.488,-1.535236,-1.88,6.15,0
2024-02-13 11:39:32.498,-1.930527,-1.88,6.15,0
2024-02-13 11:39:32.508,-1.930527,-1.88,6.15,0
2024-02-13 11:39:32.531,-2.721108,-1.88,6.15,0
2024-02-13 11:39:32.547,-2.721108,-1.88,6.15,0
2024-02-13 11:39:32.567,-3.116399,-1.88,6.15,0
2024-02-13 11:39:32.585,-3.51169,-1.88,6.15,0
2024-02-13 11:39:32.596,-3.906981,-1.88,6.15,0
2024-02-13 11:39:32.617,-4.30227,-1.88,6.15,0
2024-02-13 11:39:32.635,-4.69756,-1.88,6.15,0
2024-02-13 11:39:32.656,-5.092849,-1.88,6.15,0
2024-02-13 11:39:32.661,-5.092849,-1.88,6.15,0
2024-02-13 11:39:32.686,-5.488138,-1.88,6.15,0
2024-02-13 11:39:32.694,-5.883426,-1.88,6.15,0
2024-02-13 11:39:32.717,-5.683426,-1.88,6.15,Wall2
2024-02-13 11:39:32.735,-5.600685,-1.88,6.15,Wall2
2024-02-13 11:39:32.753,-5.584137,-1.88,6.15,Wall2
2024-02-13 11:39:32.759,-5.584137,-1.88,6.15,Wall2
2024-02-13 11:39:32.785,-5.580827,-1.88,6.15,Wall2
2024-02-13 11:39:32.796,-5.580165,-1.88,6.15,Wall2
2024-02-13 11:39:32.817,-5.580033,-1.88,6.15,Wall2
2024-02-13 11:39:32.835,-5.580007,-1.88,6.15,Wall2
2024-02-13 11:39:32.853,-5.580001,-1.88,6.15,Wall2
2024-02-13 11:39:32.869,-5.580001,-1.88,6.15,Wall2
2024-02-13 11:39:32.879,-5.58,-1.88,6.15,Wall2
2024-02-13 11:39:32.900,-5.58,-1.88,6.15,Wall2
2024-02-13 11:39:32.917,-5.58,-1.88,6.15,Wall2
2024-02-13 11:39:32.934,-5.58,-1.88,6.15,Wall2
2024-02-13 11:39:32.953,-5.58,-1.88,6.15,Wall2
2024-02-13 11:39:32.959,-5.58,-1.88,6.15,Wall2
2024-02-13 11:39:32.982,-5.58,-1.88,6.15,Wall2
2024-02-13 11:39:33.000,-5.58,-1.88,6.15,Wall2
2024-02-13 11:39:33.018,-5.58,-1.88,6.15,Wall2
2024-02-13 11:39:33.039,-5.58,-1.88,6.15,Wall2
2024-02-13 11:39:33.046,-5.58,-1.88,6.15,Wall2
2024-02-13 11:39:33.060,-5.184711,-1.88,6.15,Wall2
2024-02-13 11:39:33.081,-4.789421,-1.88,6.15,0
2024-02-13 11:39:33.099,-4.394131,-1.88,6.15,0
2024-02-13 11:39:33.116,-3.99884,-1.88,6.15,0
2024-02-13 11:39:33.134,-3.603549,-1.88,6.15,0
2024-02-13 11:39:33.152,-3.208259,-1.88,6.15,0
2024-02-13 11:39:33.169,-3.208259,-1.88,6.15,0
2024-02-13 11:39:33.179,-2.812968,-1.88,6.15,0
2024-02-13 11:39:33.200,-2.417677,-1.88,6.15,0
2024-02-13 11:39:33.217,-2.022386,-1.88,6.15,0
2024-02-13 11:39:33.238,-1.627095,-1.88,6.15,0
2024-02-13 11:39:33.246,-1.627095,-1.88,6.15,0
2024-02-13 11:39:33.268,-1.231804,-1.88,6.15,0
2024-02-13 11:39:33.286,-0.8365135,-1.88,6.15,0
2024-02-13 11:39:33.303,-0.4412225,-1.88,6.15,0
2024-02-13 11:39:33.311,-0.04593164,-1.88,6.15,0
2024-02-13 11:39:33.333,0.3493593,-1.88,6.15,0
2024-02-13 11:39:33.351,0.7446502,-1.88,6.15,0
2024-02-13 11:39:33.368,0.7446502,-1.88,6.15,0
2024-02-13 11:39:33.378,1.139941,-1.88,6.15,0
2024-02-13 11:39:33.399,1.139941,-1.88,6.15,0
2024-02-13 11:39:33.418,1.139941,-1.88,6.15,0
2024-02-13 11:39:33.435,1.139941,-1.88,6.15,0
2024-02-13 11:39:33.452,1.139941,-1.88,6.15,0
2024-02-13 11:39:33.471,1.139941,-1.88,6.15,0
2024-02-13 11:39:33.477,1.139941,-1.88,6.15,0
2024-02-13 11:39:33.492,1.139941,-1.88,6.15,0
2024-02-13 11:39:33.513,1.139941,-1.88,6.15,0
2024-02-13 11:39:33.531,1.139941,-1.88,6.15,0
2024-02-13 11:39:33.548,1.139941,-1.88,6.15,0
2024-02-13 11:39:33.566,1.139941,-1.88,6.15,0
2024-02-13 11:39:33.586,1.139941,-1.88,6.15,0
2024-02-13 11:39:33.604,1.139941,-1.88,6.15,0
2024-02-13 11:39:33.612,1.139941,-1.88,6.15,0
2024-02-13 11:39:33.633,1.139941,-1.88,6.15,0
2024-02-13 11:39:33.651,1.139941,-1.88,6.15,0
2024-02-13 11:39:33.666,1.139941,-1.88,6.15,0
2024-02-13 11:39:33.686,1.139941,-1.88,6.15,0
2024-02-13 11:39:33.694,1.139941,-1.88,6.15,0
2024-02-13 11:39:33.716,1.139941,-1.88,6.15,0
2024-02-13 11:39:33.735,1.139941,-1.88,6.15,0
2024-02-13 11:39:33.752,1.139941,-1.88,6.15,0
2024-02-13 11:39:33.759,1.139941,-1.88,6.15,0
2024-02-13 11:39:33.782,1.139941,-1.88,6.15,0
2024-02-13 11:39:33.800,1.139941,-1.88,6.15,0
2024-02-13 11:39:33.818,1.139941,-1.88,6.15,0
2024-02-13 11:39:33.836,1.139941,-1.88,6.15,0
2024-02-13 11:39:33.842,1.139941,-1.88,6.15,0
2024-02-13 11:39:33.866,1.139941,-1.88,6.15,0
2024-02-13 11:39:33.884,1.139941,-1.88,6.15,0
2024-02-13 11:39:33.901,1.139941,-1.88,6.15,0
2024-02-13 11:39:33.920,1.139941,-1.88,6.15,0
2024-02-13 11:39:33.925,1.139941,-1.88,6.15,0
2024-02-13 11:39:33.952,1.139941,-1.88,5.359418,0
2024-02-13 11:39:33.961,1.139941,-1.88,5.359418,0
2024-02-13 11:39:33.983,1.139941,-1.88,4.964127,0
2024-02-13 11:39:34.000,1.139941,-1.88,4.568836,0
2024-02-13 11:39:34.019,1.139941,-1.88,4.173545,0
2024-02-13 11:39:34.035,1.139941,-1.88,3.778255,0
2024-02-13 11:39:34.042,1.139941,-1.88,3.778255,0
2024-02-13 11:39:34.066,1.139941,-1.88,3.382964,0
2024-02-13 11:39:34.089,1.139941,-1.88,2.987673,0
2024-02-13 11:39:34.098,1.139941,-1.88,2.592382,0
2024-02-13 11:39:34.108,1.139941,-1.88,2.592382,0
2024-02-13 11:39:34.132,1.139941,-1.88,1.8018,0
2024-02-13 11:39:34.142,1.139941,-1.88,1.8018,0
2024-02-13 11:39:34.166,1.139941,-1.88,1.406509,0
2024-02-13 11:39:34.184,1.139941,-1.88,1.011219,0
2024-02-13 11:39:34.202,1.139941,-1.88,0.6159276,0
